nome;cpf;sexo;data_nasc;telefone;email;;;;;
Bruno Ferreira;204.739.663-96;M;1945-01-01;(74)6943-8217;bruno_ferreira@locamail.com;;;;;
Ant¶nia Cavalcante;472.893.869-83;F;1992-03-12;(25)3163-1123;ant¶nia_cavalcante@locamail.com;;;;;
Edson de Lima;438.361.213-99;M;1977-01-12;(74)2000-5023;edson_de_lima@locamail.com;;;;;
Bruno de Brito;054.367.119-78;M;2003-10-10;(26)3558-7309;bruno_de_brito@locamail.com;;;;;
Alexandre Franþa;070.104.145-28;F;1986-10-27;(36)4261-9150;alexandre_franþa@locamail.com;;;;;
Diogo Pires;250.674.455-81;M;1954-03-18;(66)1986-2238;diogo_pires@locamail.com;;;;;
Paula dos Reis;589.322.414-09;F;1951-10-12;(04)1650-9352;paula_dos_reis@locamail.com;;;;;
Lucas Tavares;477.995.227-98;M;1970-03-07;(95)8916-2317;lucas_tavares@locamail.com;;;;;
Fßbio Correia;140.564.182-89;F;1970-09-07;(89)8512-4422;fßbio_correia@locamail.com;;;;;
Paula Amorim;949.746.311-21;M;2002-02-07;(28)3234-4979;paula_amorim@locamail.com;;;;;
Isadora Nogueira;427.740.803-44;M;1958-04-20;(18)1770-8570;isadora_nogueira@locamail.com;;;;;
Heitor Santana;441.774.481-90;F;1993-09-22;(93)4088-9806;heitor_santana@locamail.com;;;;;
Clßudio da Rocha;603.451.587-67;F;1994-11-29;(15)2002-6625;clßudio_da_rocha@locamail.com;;;;;
Milena dos Reis;662.837.166-24;M;1968-10-12;(31)7410-8793;milena_dos_reis@locamail.com;;;;;
Edna Rodrigues;138.975.979-82;F;1984-03-03;(12)9210-8147;edna_rodrigues@locamail.com;;;;;
Raimunda de Melo;866.868.504-82;M;1999-03-24;(09)6284-8040;raimunda_de_melo@locamail.com;;;;;
JanaÝna Queiroz;357.772.821-03;F;1967-03-10;(48)2081-2625;janaÝna_queiroz@locamail.com;;;;;
Gabriela Gonþalves;591.574.348-00;M;1951-07-23;(83)3470-7413;gabriela_gonþalves@locamail.com;;;;;
╔rica de Paula;017.974.049-55;F;1966-06-16;(71)4661-3275;Úrica_de_paula@locamail.com;;;;;
Renata Rodrigues;845.569.301-73;M;1956-10-22;(09)8134-4543;renata_rodrigues@locamail.com;;;;;
Luciano Xavier;387.358.131-27;F;2003-05-07;(56)0902-0927;luciano_xavier@locamail.com;;;;;
Rafael Correia;590.690.450-41;M;1952-09-08;(98)1062-1352;rafael_correia@locamail.com;;;;;
Edson CorrÛa;846.845.740-14;F;1961-03-15;(92)3337-3491;edson_corrÛa@locamail.com;;;;;
Leandro Machado;100.111.314-35;F;1958-01-20;(12)8546-1852;leandro_machado@locamail.com;;;;;
Edson Cavalcante;001.026.338-22;M;1968-08-24;(64)8904-9456;edson_cavalcante@locamail.com;;;;;
Caroline das Neves;322.702.238-64;M;2001-07-08;(05)3771-0408;caroline_das_neves@locamail.com;;;;;
L·zia Moreira;127.131.438-49;F;1972-02-15;(35)7079-0990;l·zia_moreira@locamail.com;;;;;
Joana Batista;692.306.168-45;M;1963-01-22;(60)1339-6434;joana_batista@locamail.com;;;;;
Daniele Alves;559.597.670-48;M;1984-12-01;(82)4765-3196;daniele_alves@locamail.com;;;;;
Camila Santana;168.481.900-96;F;1952-09-25;(99)9270-5009;camila_santana@locamail.com;;;;;
Bernardo Filho;479.904.674-29;M;1995-12-17;(18)4441-2202;bernardo_filho@locamail.com;;;;;
Thiago dos Santos;396.357.025-41;F;1948-05-24;(28)1916-8049;thiago_dos_santos@locamail.com;;;;;
Anderson Aparecida;188.289.548-59;M;1962-11-11;(03)4590-9098;anderson_aparecida@locamail.com;;;;;
Marina Silveira;736.866.646-44;F;1970-05-20;(28)7666-4425;marina_silveira@locamail.com;;;;;
PatrÝcia Nogueira;987.075.500-03;M;1947-03-29;(68)5979-3929;patrÝcia_nogueira@locamail.com;;;;;
LetÝcia de Paula;526.121.590-53;M;1950-11-16;(31)5866-5804;letÝcia_de_paula@locamail.com;;;;;
╔rica Amaral;066.862.304-66;F;1971-04-15;(48)6501-7222;Úrica_amaral@locamail.com;;;;;
Amanda Braga;869.175.351-84;F;1957-04-26;(97)9296-6762;amanda_braga@locamail.com;;;;;
Emerson Nogueira;606.098.410-01;M;1946-03-28;(93)3874-4584;emerson_nogueira@locamail.com;;;;;
MaurÝcio Batista;904.068.953-31;F;1959-01-06;(75)0062-0735;maurÝcio_batista@locamail.com;;;;;
JÚssica Fernandes;069.821.779-95;M;1977-06-27;(48)3310-2168;jÚssica_fernandes@locamail.com;;;;;
Sofia de Brito;478.686.945-77;F;1954-01-02;(22)6368-3571;sofia_de_brito@locamail.com;;;;;
LÝvia de Almeida;897.433.023-43;M;1970-03-30;(10)2570-5037;lÝvia_de_almeida@locamail.com;;;;;
Carla Ribeiro;928.283.660-62;F;1953-05-06;(30)3298-5856;carla_ribeiro@locamail.com;;;;;
Jean Bezerra;527.147.148-34;M;1950-11-04;(63)0753-8883;jean_bezerra@locamail.com;;;;;
SÚrgio Aguiar;609.559.733-68;F;1994-11-29;(85)9565-9528;sÚrgio_aguiar@locamail.com;;;;;
Renan Bezerra;860.968.371-67;M;1962-10-18;(02)4225-9836;renan_bezerra@locamail.com;;;;;
Cristiano Macedo;660.337.272-98;F;1986-02-11;(30)3894-8220;cristiano_macedo@locamail.com;;;;;
Valdir de Ara·jo;486.883.301-95;F;1963-12-23;(15)6739-7121;valdir_de_ara·jo@locamail.com;;;;;
Ant¶nia Xavier;438.632.379-64;M;1980-11-21;(00)7392-8430;ant¶nia_xavier@locamail.com;;;;;
Flßvia Campos;965.288.505-06;M;1987-04-08;(85)0634-0126;flßvia_campos@locamail.com;;;;;
SÚrgio Franþa;057.120.229-43;F;1953-08-15;(70)2130-0269;sÚrgio_franþa@locamail.com;;;;;
Heitor da Costa;020.461.526-10;M;1989-01-07;(35)1332-8565;heitor_da_costa@locamail.com;;;;;
Rafael Henrique;306.497.062-34;M;1961-09-18;(40)6627-2286;rafael_henrique@locamail.com;;;;;
Wilson Dias;496.856.335-32;F;1983-12-13;(99)1350-9874;wilson_dias@locamail.com;;;;;
Benedito de Barros;512.264.407-52;M;1979-04-09;(84)3201-4945;benedito_de_barros@locamail.com;;;;;
Tatiane Nogueira;803.927.962-93;F;1995-01-25;(58)7772-8213;tatiane_nogueira@locamail.com;;;;;
Sophia dos Santos;648.954.910-16;M;1989-10-21;(44)0042-3264;sophia_dos_santos@locamail.com;;;;;
Helena Batista;783.840.731-21;F;1957-11-24;(64)8658-6523;helena_batista@locamail.com;;;;;
Raimundo de Lima;994.204.871-17;M;2003-09-16;(74)7714-8016;raimundo_de_lima@locamail.com;;;;;
MaurÝcio Nogueira;591.458.563-97;M;1990-05-30;(89)8895-1568;maurÝcio_nogueira@locamail.com;;;;;
Daniel Batista;367.970.178-61;F;1955-12-08;(55)3649-3811;daniel_batista@locamail.com;;;;;
FabrÝcio Nunes;498.278.162-65;F;1975-01-27;(74)0810-0011;fabrÝcio_nunes@locamail.com;;;;;
Fernando Monteiro;074.605.929-27;M;1952-05-07;(70)5657-0933;fernando_monteiro@locamail.com;;;;;
Rodrigo dos Santos;498.440.730-69;F;1971-08-18;(30)1340-3242;rodrigo_dos_santos@locamail.com;;;;;
Geovana Pereira;941.422.184-76;M;1971-09-18;(71)5896-1406;geovana_pereira@locamail.com;;;;;
Natßlia Pinheiro;380.935.302-35;F;1950-02-22;(52)0709-4399;natßlia_pinheiro@locamail.com;;;;;
Maria de Andrade;671.406.883-91;M;1976-07-26;(78)3481-3768;maria_de_andrade@locamail.com;;;;;
Fßbio Farias;772.088.511-97;F;1976-08-21;(42)0875-7977;fßbio_farias@locamail.com;;;;;
Priscila da Silva;569.733.333-53;M;1991-06-26;(53)7538-1545;priscila_da_silva@locamail.com;;;;;
Mateus Franþa;237.690.504-80;F;1998-09-03;(35)1094-4285;mateus_franþa@locamail.com;;;;;
Edson J·nior;214.886.894-99;M;1974-06-04;(50)8593-1509;edson_j·nior@locamail.com;;;;;
Sofia Aguiar;580.664.199-07;F;1977-11-26;(50)3728-0371;sofia_aguiar@locamail.com;;;;;
Davi de Moura;074.976.731-36;F;1995-10-06;(72)7875-2282;davi_de_moura@locamail.com;;;;;
CÝcero do Nascimento;576.978.442-17;M;1991-06-06;(85)8538-1662;cÝcero_do_nascimento@locamail.com;;;;;
Renato Marques;709.282.207-75;M;2000-04-29;(12)5676-5611;renato_marques@locamail.com;;;;;
Lucas Queiroz;541.966.216-66;F;1956-10-06;(71)6527-7096;lucas_queiroz@locamail.com;;;;;
Elias Batista;734.379.764-49;M;1981-12-08;(67)4703-9916;elias_batista@locamail.com;;;;;
Fabiana da ConceiþÒo;409.830.460-72;M;1987-06-04;(70)6280-4704;fabiana_da_conceiþÒo@locamail.com;;;;;
Igor Barbosa;834.524.900-69;F;1975-05-24;(09)9772-1962;igor_barbosa@locamail.com;;;;;
Marlene Moreira;640.677.878-58;M;1953-12-20;(45)0743-9006;marlene_moreira@locamail.com;;;;;
Diego de Jesus;890.946.950-58;F;1988-08-14;(07)4370-6703;diego_de_jesus@locamail.com;;;;;
Vitor de Matos;892.783.065-25;M;1959-07-04;(90)8240-6582;vitor_de_matos@locamail.com;;;;;
Henrique da ConceiþÒo;568.456.817-81;F;1995-10-25;(25)0375-8529;henrique_da_conceiþÒo@locamail.com;;;;;
Artur Dias;138.379.505-58;M;1989-12-25;(72)2890-0241;artur_dias@locamail.com;;;;;
Alice Braga;198.023.920-48;M;1967-04-19;(39)3062-1878;alice_braga@locamail.com;;;;;
Alex Mota;511.856.589-55;F;1946-04-06;(79)0526-2604;alex_mota@locamail.com;;;;;
Vanessa Cordeiro;295.550.769-53;F;1954-10-22;(16)0530-5204;vanessa_cordeiro@locamail.com;;;;;
Nicolas Neto;466.465.879-59;M;1993-05-27;(43)5104-8934;nicolas_neto@locamail.com;;;;;
Diego Siqueira;944.559.402-33;F;1997-03-02;(89)8307-1837;diego_siqueira@locamail.com;;;;;
Juliana Filho;765.906.890-27;M;1962-07-13;(47)0273-2890;juliana_filho@locamail.com;;;;;
Vanessa Tavares;952.068.967-19;F;1950-08-19;(29)1264-1416;vanessa_tavares@locamail.com;;;;;
Cristiano Pereira;445.544.668-40;M;1950-01-28;(27)0785-7611;cristiano_pereira@locamail.com;;;;;
JÚssica Borges;296.149.822-62;F;1967-12-08;(15)2006-1241;jÚssica_borges@locamail.com;;;;;
Geraldo Alves;939.462.275-48;M;1989-10-08;(15)3620-8132;geraldo_alves@locamail.com;;;;;
Eduardo Cardoso;964.731.833-44;F;1976-06-17;(54)1536-0342;eduardo_cardoso@locamail.com;;;;;
AndrÚ de Souza;455.779.066-18;M;1977-05-12;(43)5563-1111;andrÚ_de_souza@locamail.com;;;;;
Diego Amorim;821.801.027-29;F;1945-02-02;(10)7980-3227;diego_amorim@locamail.com;;;;;
Renata da Rocha;413.702.666-17;F;1975-11-26;(17)5028-8903;renata_da_rocha@locamail.com;;;;;
Raimundo CorrÛa;428.526.034-83;M;1973-10-27;(52)1018-2590;raimundo_corrÛa@locamail.com;;;;;
